Job Number,Date,Title,URL
502362,2025-10-05,Dipl. Physiotherapeut:in 60-100%,https://physioswiss.ch/stelleninserate/119996/dipl-physiotherapeutin-60-100/
502360,2025-10-04,Mobile/r Physiotherapeut/in in ZÃ¼rich 40-80%,https://physioswiss.ch/stelleninserate/119897/mobile-r-physiotherapeut-in-in-zuerich-40-80/
502079,2025-10-03,BodyLab ZÃ¼rich sucht Physiotherapeut:in (60-100%),https://physioswiss.ch/stelleninserate/119259/bodylab-zuerich-sucht-physiotherapeutin-60-100/
502345,2025-10-03,Physiotherapeutin / Physiotherapeut Schwerpunkt Neurologie 60-100 % â€“ StationÃ¤r,https://physioswiss.ch/stelleninserate/119627/physiotherapeutin-physiotherapeut-schwerpunkt-neurologie-60-100-stationaer/
502352,2025-10-03,Physiotherapeutin / Physiotherapeut (a) 80-100%,https://physioswiss.ch/stelleninserate/119702/physiotherapeutin-physiotherapeut-a-80-100/
502353,2025-10-03,(Kopie) Dipl. Physiotherapeut/in (50%-70%),https://physioswiss.ch/stelleninserate/119728/kopie-dipl-physiotherapeut-in-50-70/
502355,2025-10-03,Physiotherapeut/in 60 â€“ 100%,https://physioswiss.ch/stelleninserate/119753/physiotherapeut-in-60-100/
502356,2025-10-03,PhysiotherapeutIn (60 â€“ 100%),https://physioswiss.ch/stelleninserate/119794/physiotherapeutin-60-100/
502357,2025-10-03,PhysiothÃ©rapeute diplÃ´mÃ© (h/f) 80-100% â€“ Montreux (gare),https://physioswiss.ch/stelleninserate/119807/physiotherapeute-diplome-h-f-80-100-montreux-gare/
502358,2025-10-03,Kinderphysiotherapeut:in 90 â€“ 100%,https://physioswiss.ch/stelleninserate/119826/kinderphysiotherapeutin-90-100/
502359,2025-10-03,dipl. Physiotherapeut/In gesucht in Widnau (40-60%),https://physioswiss.ch/stelleninserate/119849/dipl-physiotherapeut-in-gesucht-in-widnau-40-60/
502361,2025-10-03,Physiotherapeut:in 20-80%,https://physioswiss.ch/stelleninserate/119910/physiotherapeutin-20-80/
502295,2025-10-02,IndÃ©pendant/-e en cabinet de groupe,https://physioswiss.ch/stelleninserate/118574/independant-e-en-cabinet-de-groupe/
502342,2025-10-02,Dipl. PhysiotherapeutIn 50-100%,https://physioswiss.ch/stelleninserate/119590/dipl-physiotherapeutin-50-100/
502344,2025-10-02,Physiotherapeut 50-80%,https://physioswiss.ch/stelleninserate/119624/physiotherapeut-50-80/
502348,2025-10-02,PHYSIOTHERAPEUTE Ã  80%,https://physioswiss.ch/stelleninserate/119652/physiotherapeute-a-80/
502349,2025-10-02,Physiotherapeut/in 20-40%,https://physioswiss.ch/stelleninserate/119676/physiotherapeut-in-20-40/
502350,2025-10-02,Physiotherapeut*in (m/w/d),https://physioswiss.ch/stelleninserate/119691/physiotherapeutin-m-w-d/
502351,2025-10-02,PhysiothÃ©rapeute,https://physioswiss.ch/stelleninserate/119696/physiotherapeute/
502354,2025-10-02,physio5 | FischermÃ¤tteli sucht Osteo,https://physioswiss.ch/stelleninserate/119735/physio5-fischermaetteli-sucht-osteo/
502331,2025-10-01,Cabinet recherche un/e physiothÃ©rapeute entre 60% et 80%.,https://physioswiss.ch/stelleninserate/119368/cabinet-recherche-un-e-physiotherapeute-entre-60-et-80/
502333,2025-10-01,Physiotherapeutin / Physiotherapeut stationÃ¤re Neurorehabilitation 80-100%,https://physioswiss.ch/stelleninserate/119406/physiotherapeutin-physiotherapeut-stationaere-neurorehabilitation-80-100/
502310,2025-10-01,Dipl. Physiotherapeutin*in 45% Uttwil & Kreuzlingen,https://physioswiss.ch/stelleninserate/119440/dipl-physiotherapeutinin-45-uttwil-kreuzlingen/
502340,2025-10-01,: Sei Du der GlÃ¼ckspilz (Raum Luzern) :,https://physioswiss.ch/stelleninserate/119539/sei-du-der-glueckspilz-raum-luzern/
502341,2025-10-01,Physiotherapeut/-in 60-100%,https://physioswiss.ch/stelleninserate/119562/physiotherapeut-in-60-100/
502343,2025-10-01,"Physiotherapeutin / Physiotherapeuten, 60%",https://physioswiss.ch/stelleninserate/119607/physiotherapeutin-physiotherapeuten-60/
502346,2025-10-01,Dipl. Physiotherapeut/in 80% bis 100% in Siggenthal (AG) gesucht,https://physioswiss.ch/stelleninserate/119631/dipl-physiotherapeut-in-80-bis-100-in-siggenthal-ag-gesucht/
502347,2025-10-01,Dipl. Physiotherapeut/in 30% bis 100% in Amriswil (TG) gesucht,https://physioswiss.ch/stelleninserate/119639/dipl-physiotherapeut-in-30-bis-100-in-amriswil-tg-gesucht/
502326,2025-09-30,DIPL. PHYSIOTHERAPEUT/IN 40-100%,https://physioswiss.ch/stelleninserate/119299/dipl-physiotherapeut-in-40-100/
502327,2025-09-30,Dipl. Physiotherapeut/In 80-100% gesucht,https://physioswiss.ch/stelleninserate/119302/dipl-physiotherapeut-in-80-100-gesucht/
502328,2025-09-30,Physiotherapeut:in 50-100%,https://physioswiss.ch/stelleninserate/119305/physiotherapeutin-50-100/
502329,2025-09-30,Physiotherapeut / Physiotherapeutin,https://physioswiss.ch/stelleninserate/119309/physiotherapeut-physiotherapeutin/
502330,2025-09-30,60-80% in SEUZACH im Alterszentrum und Hausbesuche (Seuziphysio AG),https://physioswiss.ch/stelleninserate/119365/60-80-in-seuzach-im-alterszentrum-und-hausbesuche-seuziphysio-ag/
502332,2025-09-30,Dipl. PhysiotherapeutIn 50 â€“ 100%,https://physioswiss.ch/stelleninserate/119397/dipl-physiotherapeutin-50-100/
502334,2025-09-30,"Mobiler Physiotherapeut:in (50â€“100â€¯%) â€“ Spitzenlohn, Dienstwagen & volle Freiheit AG / ZH / LU / ZG",https://physioswiss.ch/stelleninserate/119418/mobiler-physiotherapeutin-50-100-spitzenlohn-dienstwagen-volle-freiheit-ag-zh-lu-zg/
502335,2025-09-30,PhysiotherapeutIn (40-100%) fÃ¼r den Standort Zug gesucht,https://physioswiss.ch/stelleninserate/119443/physiotherapeutin-40-100-fuer-den-standort-zug-gesucht/
502336,2025-09-30,PhysiotherapeutIn (40-100%) fÃ¼r Zentrum in Biel gesucht,https://physioswiss.ch/stelleninserate/119449/physiotherapeutin-40-100-fuer-zentrum-in-biel-gesucht/
502337,2025-09-30,PhysiotherapeutIn (40-100%) fÃ¼r Zentrum in Aarau gesucht,https://physioswiss.ch/stelleninserate/119453/physiotherapeutin-40-100-fuer-zentrum-in-aarau-gesucht/
502338,2025-09-30,PhysiotherapeutIn (80 â€“ 100%) fÃ¼r Zentrum in Bern gesucht,https://physioswiss.ch/stelleninserate/119457/physiotherapeutin-80-100-fuer-zentrum-in-bern-gesucht/
502339,2025-09-30,Dipl. Physiotherapeut/in Teil- oder Vollzeit,https://physioswiss.ch/stelleninserate/119528/dipl-physiotherapeut-in-teil-oder-vollzeit/
502281,2025-09-29,Physiotherapeut/in,https://physioswiss.ch/stelleninserate/118470/physiotherapeut-in/
502252,2025-09-29,Praxisbeteiligung (nach Wunsch anfÃ¤nglich auch in Anstellung denkbar).,https://physioswiss.ch/stelleninserate/118577/praxisbeteiligung-nach-wunsch-anfaenglich-auch-in-anstellung-denkbar/
243215,2025-09-29,Physiotherapeut*in (70-100%),https://physioswiss.ch/stelleninserate/119255/physiotherapeutin-70-100/
502322,2025-09-29,Ich suche eine engagierte Physiotherapeutin mit Leidenschaft fÃ¼r den Beruf,https://physioswiss.ch/stelleninserate/119268/ich-suche-eine-engagierte-physiotherapeutin-mit-leidenschaft-fuer-den-beruf/
502323,2025-09-29,"Physiotherapeut:in (m/w/d), 80-100%",https://physioswiss.ch/stelleninserate/119272/physiotherapeutin-m-w-d-80-100/
502324,2025-09-29,Praxisleiter/in Physiotherapie 100%,https://physioswiss.ch/stelleninserate/119288/praxisleiter-in-physiotherapie-100/
502325,2025-09-29,Dipl. Physiotherapeut*in mit SRK-Anerkennung (40 â€“ 100%),https://physioswiss.ch/stelleninserate/119296/dipl-physiotherapeutin-mit-srk-anerkennung-40-100/
502294,2025-09-27,Ferienvertretung 60% Januar bis MÃ¤rz 2026,https://physioswiss.ch/stelleninserate/118566/ferienvertretung-60-januar-bis-maerz-2026/
502300,2025-09-27,Dipl. Physiotherapeut*in 60-100% in Frauenfeld,https://physioswiss.ch/stelleninserate/118659/dipl-physiotherapeutin-60-100-in-frauenfeld/
502319,2025-09-27,Dipl. Physiotherapeut/in 30% bis 100% in Bellach (SO) gesucht,https://physioswiss.ch/stelleninserate/119225/dipl-physiotherapeut-in-30-bis-100-in-bellach-so-gesucht/
502320,2025-09-27,Physiotherapeut/in 60%-80% in Visp gesucht,https://physioswiss.ch/stelleninserate/119236/physiotherapeut-in-60-80-in-visp-gesucht/
502321,2025-09-27,Ferienvertretung Physiotherapeut:in 50 â€“ 100 % in Heiden AR,https://physioswiss.ch/stelleninserate/119243/ferienvertretung-physiotherapeutin-50-100-in-heiden-ar/
501763,2025-09-26,dipl. PhysiotherapeutIn in Meilen,https://physioswiss.ch/stelleninserate/111802/dipl-physiotherapeutin-in-meilen/
502308,2025-09-26,Physiotherapeut/in 40-60%,https://physioswiss.ch/stelleninserate/118875/physiotherapeut-in-40-60/
502309,2025-09-26,PhysiotherapeutInnen HF/FH BSc,https://physioswiss.ch/stelleninserate/118956/physiotherapeutinnen-hf-fh-bsc/
502313,2025-09-26,Dipl. Physiotherapeut/in 60-100%,https://physioswiss.ch/stelleninserate/119136/dipl-physiotherapeut-in-60-100/
502314,2025-09-26,Physio mit Fokus Beckenboden gesucht â€“ ZÃ¼rich City,https://physioswiss.ch/stelleninserate/119140/physio-mit-fokus-beckenboden-gesucht-zuerich-city/
502315,2025-09-26,Leitung Physiotherapie im Oberaargau gesucht,https://physioswiss.ch/stelleninserate/119150/leitung-physiotherapie-im-oberaargau-gesucht/
502316,2025-09-26,Kinderphysiotherapeutinnen / Kinderphysiotherapeuten,https://physioswiss.ch/stelleninserate/119202/kinderphysiotherapeutinnen-kinderphysiotherapeuten/
502317,2025-09-26,fachliche UnterstÃ¼tzung gesucht,https://physioswiss.ch/stelleninserate/119210/fachliche-unterstuetzung-gesucht/
502318,2025-09-26,PhysiothÃ©rapeute 60%-100% (100% Ã  court terme),https://physioswiss.ch/stelleninserate/119222/physiotherapeute-60-100-100-a-court-terme/
502303,2025-09-25,Physiotherapeut/in 80-100% in St. Gallen gesucht,https://physioswiss.ch/stelleninserate/118803/physiotherapeut-in-80-100-in-st-gallen-gesucht/
502305,2025-09-25,UFGSTELLTE/I PHYSIOTHERAPEUT/-IN 80% AB 1.DEZEMBER 2025,https://physioswiss.ch/stelleninserate/118825/ufgstellte-i-physiotherapeut-in-80-ab-1-dezember-2025/
254848,2025-09-25,PhysiotherapeutIn (80-100%) fÃ¼r Uster gesucht,https://physioswiss.ch/stelleninserate/119049/physiotherapeutin-80-100-fuer-uster-gesucht/
502311,2025-09-25,PhysiotherapeutIn (40 â€“ 100%) fÃ¼r Zentrum in Winterthur gesucht,https://physioswiss.ch/stelleninserate/119100/physiotherapeutin-40-100-fuer-zentrum-in-winterthur-gesucht/
502312,2025-09-25,"Physiotherapeut:in (60â€“80 %) fÃ¼r Vertretung gesucht ab November/Dezember 2025 â€“ Dauer 2â€“3 Monate, Option auf Festanstellung",https://physioswiss.ch/stelleninserate/119114/physiotherapeutin-60-80-fuer-vertretung-gesucht-ab-november-dezember-2025-dauer-2-3-monate-option-auf-festanstellung/
502302,2025-09-24,Physiotherapeut:in 20-90%,https://physioswiss.ch/stelleninserate/118744/physiotherapeutin-20-90/
502306,2025-09-24,PhysiotherapeutIn (40-100%) fÃ¼r Zentrum in Lenzburg gesucht,https://physioswiss.ch/stelleninserate/118828/physiotherapeutin-40-100-fuer-zentrum-in-lenzburg-gesucht/
502296,2025-09-23,Physiotherapeut:in 40 â€“ 60% in Wollerau/SZ,https://physioswiss.ch/stelleninserate/118606/physiotherapeutin-40-60-in-wollerau-sz/
502297,2025-09-23,PHYSIOTHERAPEUT/IN 40-70% in Brugg AG / Praxis + Hausbesuche,https://physioswiss.ch/stelleninserate/118618/physiotherapeut-in-40-70-in-brugg-ag-praxis-hausbesuche/
502298,2025-09-23,Stelleninserat als Physiotherapeut:in 40-100%,https://physioswiss.ch/stelleninserate/118626/stelleninserat-als-physiotherapeutin-40-100/
502299,2025-09-23,PhysiotherapeutIn (a) 80 â€“ 100%,https://physioswiss.ch/stelleninserate/118647/physiotherapeutin-a-80-100/
502301,2025-09-23,Physiotherapeut/in 40% â€“ 100%,https://physioswiss.ch/stelleninserate/118663/physiotherapeut-in-40-100/
502273,2025-09-22,Physiotherapeuten / In,https://physioswiss.ch/stelleninserate/118358/physiotherapeuten-in/
502277,2025-09-22,SelbststÃ¤ndige/r Physiotherapeut/in 80-100%,https://physioswiss.ch/stelleninserate/118383/selbststaendige-r-physiotherapeut-in-80-100/
502287,2025-09-22,Physiotherapeut/in 60 â€“ 100 %,https://physioswiss.ch/stelleninserate/118527/physiotherapeut-in-60-100/
502289,2025-09-22,Dipl. Physiotherapeut/-in 40-80% in Wetzikon,https://physioswiss.ch/stelleninserate/118541/dipl-physiotherapeut-in-40-80-in-wetzikon/
502290,2025-09-22,PhysiotherapeutIn (40-100%) fÃ¼r Luzern City,https://physioswiss.ch/stelleninserate/118548/physiotherapeutin-40-100-fuer-luzern-city/
502291,2025-09-22,PhysiotherapeutIn (40 â€“ 100%) fÃ¼r Zentrum in ZÃ¼rich gesucht,https://physioswiss.ch/stelleninserate/118552/physiotherapeutin-40-100-fuer-zentrum-in-zuerich-gesucht/
502292,2025-09-22,PhysiotherapeutIn (40 â€“ 100%) fÃ¼r Zentrum in St. Gallen gesucht,https://physioswiss.ch/stelleninserate/118556/physiotherapeutin-40-100-fuer-zentrum-in-st-gallen-gesucht/
502293,2025-09-22,Dipl. Physiotherapeut (-in) 40-100% in Dietikon ZH,https://physioswiss.ch/stelleninserate/118560/dipl-physiotherapeut-in-40-100-in-dietikon-zh/
502288,2025-09-21,Physiotherapeut/in 40-100% in Neftenbach gesucht,https://physioswiss.ch/stelleninserate/118530/physiotherapeut-in-40-100-in-neftenbach-gesucht/
502282,2025-09-20,Wir suchen ein*e Physiotherapeut*in! 40% bis 100%,https://physioswiss.ch/stelleninserate/118493/wir-suchen-eine-physiotherapeutin-40-bis-100/
502286,2025-09-20,Dipl. Physiotherapeut/in 60 â€“ 100% im physioWerk. in ZÃ¼rich Enge,https://physioswiss.ch/stelleninserate/118522/dipl-physiotherapeut-in-60-100-im-physiowerk-in-zuerich-enge/
502269,2025-09-19,FÃ¼r die VergrÃ¶sserung unseres Teams suchen wir VerstÃ¤rkung: 40 â€“ 100%,https://physioswiss.ch/stelleninserate/118258/fuer-die-vergroesserung-unseres-teams-suchen-wir-verstaerkung-40-100/
502280,2025-09-19,Du mÃ¶chtest helfen etwas neues aufzubauen?,https://physioswiss.ch/stelleninserate/118463/du-moechtest-helfen-etwas-neues-aufzubauen/
502284,2025-09-19,ErfahreneR PhysiotherapeutIn (40 â€“ 100%) in Basel,https://physioswiss.ch/stelleninserate/118509/erfahrener-physiotherapeutin-40-100-in-basel/
502285,2025-09-19,Dipl. Physiotherapeut/-in,https://physioswiss.ch/stelleninserate/118514/dipl-physiotherapeut-in/
502230,2025-09-18,dipl. Physiotherapeut/in BSc (80-100%) mit Therapieleitung,https://physioswiss.ch/stelleninserate/117924/dipl-physiotherapeut-in-bsc-80-100-mit-therapieleitung/
502270,2025-09-18,Physiotherapeut/in FH/HF 80-100%,https://physioswiss.ch/stelleninserate/118268/physiotherapeut-in-fh-hf-80-100/
502271,2025-09-18,Dipl. Physiotherapeut/in 30 â€“ 100 %,https://physioswiss.ch/stelleninserate/118344/dipl-physiotherapeut-in-30-100/
502272,2025-09-18,Dipl. Physiotherapeut/in in RÃ¼ti (ZH),https://physioswiss.ch/stelleninserate/118355/dipl-physiotherapeut-in-in-rueti-zh/
502274,2025-09-18,"Wir suchen dich, dipl. Physiotherapeut/in (40â€“100â€¯%)",https://physioswiss.ch/stelleninserate/118363/wir-suchen-dich-dipl-physiotherapeut-in-40-100/
502275,2025-09-18,PhysiotherapeutIn (40 â€“ 100%) in ZÃ¼rich gesucht,https://physioswiss.ch/stelleninserate/118369/physiotherapeutin-40-100-in-zuerich-gesucht/
502276,2025-09-18,Physiotherapeut/in 60-100%,https://physioswiss.ch/stelleninserate/118376/physiotherapeut-in-60-100/
502278,2025-09-18,Physiotherapeut:in 40 â€“ 100% in Arth,https://physioswiss.ch/stelleninserate/118401/physiotherapeutin-40-100-in-arth/
502279,2025-09-18,Physiotherapeut:in (a) 60-100%,https://physioswiss.ch/stelleninserate/118452/physiotherapeutin-a-60-100/
502256,2025-09-17,Dipl. Physiotherapeut/in,https://physioswiss.ch/stelleninserate/118164/dipl-physiotherapeut-in/
502260,2025-09-17,Dipl. Physiotherapeut/in,https://physioswiss.ch/stelleninserate/118185/dipl-physiotherapeut-in/
502262,2025-09-17,Dipl. Physiotherapeut/in FH mit Berufsbildungsfunktion (70 â€“ 100%),https://physioswiss.ch/stelleninserate/118194/dipl-physiotherapeut-in-fh-mit-berufsbildungsfunktion-70-100/
502265,2025-09-17,PhysiothÃ©rapeute diplÃ´mÃ© (h/f) 80-100% â€“ Lausanne,https://physioswiss.ch/stelleninserate/118219/physiotherapeute-diplome-h-f-80-100-lausanne/
502266,2025-09-17,Recherche PhysiothÃ©rapeute INDEPENDANT 60-70%,https://physioswiss.ch/stelleninserate/118222/recherche-physiotherapeute-independant-60-70/
502267,2025-09-17,(Sport) Physiotherapeut/in (30-50 %) â€“ Dielsdorf,https://physioswiss.ch/stelleninserate/118233/sport-physiotherapeut-in-30-50-dielsdorf/
208054,2025-09-17,Physiotherapeut/in gesucht-Arbeiten mit Blick auf den ZÃ¼richsee in Horgen,https://physioswiss.ch/stelleninserate/118239/physiotherapeut-in-gesucht-arbeiten-mit-blick-auf-den-zuerichsee-in-horgen/
502268,2025-09-17,Physiotherapie im Herzen der Altstadt Brugg,https://physioswiss.ch/stelleninserate/118244/physiotherapie-im-herzen-der-altstadt-brugg/
502246,2025-09-16,physio5 | Swiss Sportclinic sucht Physio,https://physioswiss.ch/stelleninserate/118032/physio5-swiss-sportclinic-sucht-physio/
502247,2025-09-16,physio5 | FischermÃ¤tteli sucht Physio,https://physioswiss.ch/stelleninserate/118039/physio5-fischermaetteli-sucht-physio/
502258,2025-09-16,Physiotherapeut/-in 40-60% nach Berneck gesucht!,https://physioswiss.ch/stelleninserate/118167/physiotherapeut-in-40-60-nach-berneck-gesucht/
502259,2025-09-16,Physiotherapeut/in FH mit Fachverantwortung Geriatrie 90-100%,https://physioswiss.ch/stelleninserate/118172/physiotherapeut-in-fh-mit-fachverantwortung-geriatrie-90-100/
502236,2025-09-16,Physiotherapeut:in 40-100% im Herzen von Bern,https://physioswiss.ch/stelleninserate/118176/physiotherapeutin-40-100-im-herzen-von-bern/
502264,2025-09-16,Dipl. Physiotherapeut/in 60%-90%,https://physioswiss.ch/stelleninserate/118210/dipl-physiotherapeut-in-60-90/
502156,2025-09-15,"Physio gÃ©nÃ©rale, pÃ©diatrie, pelvi-pÃ©rinÃ©ologie",https://physioswiss.ch/stelleninserate/117127/physio-generale-pediatrie-pelvi-perineologie/
502157,2025-09-15,"PhysiothÃ©rapeute salariÃ©.e Ã  Yverdon, en face de la gare",https://physioswiss.ch/stelleninserate/117130/physiotherapeute-salarie-e-a-yverdon-en-face-de-la-gare/
502220,2025-09-15,Dipl. Physiotherapeut/in 60â€“100%,https://physioswiss.ch/stelleninserate/117841/dipl-physiotherapeut-in-60-100/
502226,2025-09-15,PhysiotherapeutIn (40-100%) fÃ¼r Zentrum in Solothurn gesucht,https://physioswiss.ch/stelleninserate/117881/physiotherapeutin-40-100-fuer-zentrum-in-solothurn-gesucht/
502227,2025-09-15,PhysiotherapeutIn (40 â€“ 100%) fÃ¼r Zentrum in Baden gesucht,https://physioswiss.ch/stelleninserate/117885/physiotherapeutin-40-100-fuer-zentrum-in-baden-gesucht/
502241,2025-09-15,physiothÃ©rapeute,https://physioswiss.ch/stelleninserate/117989/physiotherapeute/
502248,2025-09-15,Diplomierte/r Physiotherapeut/in (m/w/d) gesucht â€“ 40-50 % ab Februar 2026,https://physioswiss.ch/stelleninserate/118068/diplomierte-r-physiotherapeut-in-m-w-d-gesucht-40-50-ab-februar-2026/
502249,2025-09-15,Dipl. Physiotherapeut/in,https://physioswiss.ch/stelleninserate/118116/dipl-physiotherapeut-in/
502250,2025-09-15,dipl. Physiotherapeutin,https://physioswiss.ch/stelleninserate/118124/dipl-physiotherapeutin/
502251,2025-09-15,Motivierte PhysiotherapeutIn 20-60% in Schlieren ZH gesucht,https://physioswiss.ch/stelleninserate/118127/motivierte-physiotherapeutin-20-60-in-schlieren-zh-gesucht/
502253,2025-09-15,Dipl. Physiotherapeut/in 50 â€“ 100 %,https://physioswiss.ch/stelleninserate/118137/dipl-physiotherapeut-in-50-100/
502254,2025-09-15,Physiotherapeut (m/w/d) ambulant 40 â€“ 100%,https://physioswiss.ch/stelleninserate/118140/physiotherapeut-m-w-d-ambulant-40-100/
502255,2025-09-15,Physiotherapeut/in ab 40% UnterÃ¤geri,https://physioswiss.ch/stelleninserate/118146/physiotherapeut-in-ab-40-unteraegeri/
502229,2025-09-12,Physiotherapeut/-in Bsc,https://physioswiss.ch/stelleninserate/117917/physiotherapeut-in-bsc/
262352,2025-09-12,Ab in die Berge !!!,https://physioswiss.ch/stelleninserate/117940/ab-in-die-berge/
502232,2025-09-12,Dipl. Physiotherapeut/in HF/FH,https://physioswiss.ch/stelleninserate/117945/dipl-physiotherapeut-in-hf-fh/
502233,2025-09-12,Physiotherapeutin Beckenboden (40â€“80%) in Basel,https://physioswiss.ch/stelleninserate/117948/physiotherapeutin-beckenboden-40-80-in-basel/
502238,2025-09-12,Dipl. Physiotherapeut:in Lenzburg Physio Promenade 60-100%,https://physioswiss.ch/stelleninserate/117966/dipl-physiotherapeutin-lenzburg-physio-promenade-60-100/
502239,2025-09-12,PhysiothÃ©rapeute,https://physioswiss.ch/stelleninserate/117979/physiotherapeute/
502240,2025-09-12,Dipl. Physiotherapeut/in 80-100%,https://physioswiss.ch/stelleninserate/117985/dipl-physiotherapeut-in-80-100/
502242,2025-09-12,Dipl. Physiotherapeut*in â€“ Teilzeitanstellung oder SelbststÃ¤ndigkeit,https://physioswiss.ch/stelleninserate/117997/dipl-physiotherapeutin-teilzeitanstellung-oder-selbststaendigkeit/
502243,2025-09-12,Physiotherapeut/-in 30-90% in integrativer Praxis Arbon/ Rorschach,https://physioswiss.ch/stelleninserate/118004/physiotherapeut-in-30-90-in-integrativer-praxis-arbon-rorschach/
502245,2025-09-12,Dipl. Physiotherapeut/in 50% bis 60% in Oberwil gesucht,https://physioswiss.ch/stelleninserate/118016/dipl-physiotherapeut-in-50-bis-60-in-oberwil-gesucht/
502218,2025-09-11,PhysiothÃ©rapeute diplÃ´mÃ©(e) Ã©quipe de gÃ©riatrie (60-80%),https://physioswiss.ch/stelleninserate/117831/physiotherapeute-diplomee-equipe-de-geriatrie-60-80/
502219,2025-09-11,Dipl. Physiotherapeutin/en Team Geriatrie (60-80%),https://physioswiss.ch/stelleninserate/117835/dipl-physiotherapeutin-en-team-geriatrie-60-80/
502222,2025-09-11,PhysiothÃ©rapeute Ã  70-80%,https://physioswiss.ch/stelleninserate/117862/physiotherapeute-a-70-80/
502223,2025-09-11,PhysiothÃ©rapeute indÃ©pendant(e),https://physioswiss.ch/stelleninserate/117865/physiotherapeute-independante/
502231,2025-09-11,Wir suchen ein/e Physiotherapeut/in 50-80%,https://physioswiss.ch/stelleninserate/117937/wir-suchen-ein-e-physiotherapeut-in-50-80/
502234,2025-09-11,Physiotherapeut:in 20-70% (Ferienvertretung),https://physioswiss.ch/stelleninserate/117954/physiotherapeutin-20-70-ferienvertretung/
502235,2025-09-11,Physiotherapeut:in 20-40%,https://physioswiss.ch/stelleninserate/117957/physiotherapeutin-20-40/
502237,2025-09-11,Physiotherapeuten/-therapeutinnen fÃ¼r Kinder 20-40%,https://physioswiss.ch/stelleninserate/117960/physiotherapeuten-therapeutinnen-fuer-kinder-20-40/
502199,2025-09-10,Physiotherapeut (m/w/d) 60â€“100%,https://physioswiss.ch/stelleninserate/117671/physiotherapeut-m-w-d-60-100/
502203,2025-09-10,Physiotherapie mit Zukunft,https://physioswiss.ch/stelleninserate/117699/physiotherapie-mit-zukunft/
502204,2025-09-10,Dipl. Physiotherapeut/in FH im Ambulatorium 40- 100 %,https://physioswiss.ch/stelleninserate/117711/dipl-physiotherapeut-in-fh-im-ambulatorium-40-100/
502205,2025-09-10,Physiotherapeut/in (40-100%),https://physioswiss.ch/stelleninserate/117720/physiotherapeut-in-40-100/
502211,2025-09-10,Physiotherapeut/in,https://physioswiss.ch/stelleninserate/117780/physiotherapeut-in/
502214,2025-09-10,Dipl. Physiotherapeut/in HF/FH,https://physioswiss.ch/stelleninserate/117806/dipl-physiotherapeut-in-hf-fh/
502215,2025-09-10,Leitung Physiotherapie und Ergotherapie 80-100%,https://physioswiss.ch/stelleninserate/117809/leitung-physiotherapie-und-ergotherapie-80-100/
252589,2025-09-10,Dipl. Physiotherapeut/in 20-100% am ZÃ¼richsee,https://physioswiss.ch/stelleninserate/117818/dipl-physiotherapeut-in-20-100-am-zuerichsee/
502217,2025-09-10,dipl. Physiotherapeut/in FH (50-100%),https://physioswiss.ch/stelleninserate/117823/dipl-physiotherapeut-in-fh-50-100/
502221,2025-09-10,PhysiothÃ©rapeute 60%-80%,https://physioswiss.ch/stelleninserate/117844/physiotherapeute-60-80/
502224,2025-09-10,"Motivierte(r) Physiotherapeut/in 30-50% ZÃ¼rich, mÃ¶glich mit ZSR Nummer",https://physioswiss.ch/stelleninserate/117876/motivierter-physiotherapeut-in-30-50-zuerich-moeglich-mit-zsr-nummer/
502228,2025-09-10,PÃ¤diatrischer Physiotherapeut,https://physioswiss.ch/stelleninserate/117890/paediatrischer-physiotherapeut/
502200,2025-09-09,PHYSIOTHÃ‰RAPEUTE DIPLÃ”MÃ‰(E) EQUIPE MÃ‰DECINE INTERNE 40 â€“ 100%,https://physioswiss.ch/stelleninserate/117685/physiotherapeute-diplomee-equipe-medecine-interne-40-100/
502201,2025-09-09,DIPL. PHYSIOTHERAPEUTIN/EN TEAM INNERE MEDIZIN 40 â€“ 100%,https://physioswiss.ch/stelleninserate/117690/dipl-physiotherapeutin-en-team-innere-medizin-40-100/
502206,2025-09-09,Dipl. Physiotherapeut/Physiotherapeutin 40-100% in Ostermundigen,https://physioswiss.ch/stelleninserate/117736/dipl-physiotherapeut-physiotherapeutin-40-100-in-ostermundigen/
502207,2025-09-09,Physiotherapeut / Physiotherapeutin im Oberaargau gesucht,https://physioswiss.ch/stelleninserate/117751/physiotherapeut-physiotherapeutin-im-oberaargau-gesucht/
502208,2025-09-09,Dipl. Physiotherapeut/in 80-100%,https://physioswiss.ch/stelleninserate/117754/dipl-physiotherapeut-in-80-100/
502209,2025-09-09,Leidenschaftlicher PhysiotherapeutIn gesucht â€“ im Oberaargau ðŸŒ¿,https://physioswiss.ch/stelleninserate/117757/leidenschaftlicher-physiotherapeutin-gesucht-im-oberaargau-%f0%9f%8c%bf/
502210,2025-09-09,Leidenschaftlicher PhysiotherapeutIn gesucht â€“ Befristet in Solothurn ðŸŒ¿,https://physioswiss.ch/stelleninserate/117760/leidenschaftlicher-physiotherapeutin-gesucht-befristet-in-solothurn-%f0%9f%8c%bf/
502212,2025-09-09,Dipl. Physiotherapeut/in 20-80%,https://physioswiss.ch/stelleninserate/117786/dipl-physiotherapeut-in-20-80/
502213,2025-09-09,Dipl. Physiotherapeut/in 40% bis 100% in ZÃ¼rich HÃ¶ngg gesucht,https://physioswiss.ch/stelleninserate/117797/dipl-physiotherapeut-in-40-bis-100-in-zuerich-hoengg-gesucht/
502194,2025-09-08,PhysiothÃ©rapeute EMS et domicile Lausanne,https://physioswiss.ch/stelleninserate/117585/physiotherapeute-ems-et-domicile-lausanne/
502195,2025-09-08,Physiotherapeut/in (80â€“100%) in Kreuzlingen gesucht,https://physioswiss.ch/stelleninserate/117588/physiotherapeut-in-80-100-in-kreuzlingen-gesucht/
502196,2025-09-08,Physiotherapeut/in (60â€“100%) in Ermatingen,https://physioswiss.ch/stelleninserate/117592/physiotherapeut-in-60-100-in-ermatingen/
502021,2025-09-08,Dipl. Physiotherapeut/in 40%-100%,https://physioswiss.ch/stelleninserate/117600/dipl-physiotherapeut-in-40-100/
502197,2025-09-08,Physiotherapeut/in (60-80%) gesucht â€“ ab sofort in ZÃ¼rich,https://physioswiss.ch/stelleninserate/117603/physiotherapeut-in-60-80-gesucht-ab-sofort-in-zuerich/
502198,2025-09-08,Physiotherapeutin / Physiotherapeut Schwerpunkt MSK 80-100 %,https://physioswiss.ch/stelleninserate/117606/physiotherapeutin-physiotherapeut-schwerpunkt-msk-80-100/
502202,2025-09-08,Physiotherapeut/in in Physio Bassersdorf,https://physioswiss.ch/stelleninserate/117696/physiotherapeut-in-in-physio-bassersdorf/
502193,2025-09-07,Physiotherapeut (m/w/d) in Eschenbach SG,https://physioswiss.ch/stelleninserate/117579/physiotherapeut-m-w-d-in-eschenbach-sg/
501947,2025-09-06,Physiotherapeut/in 30 â€“ 80% gesucht /8008 Seefeld ZH am ZÃ¼richsee,https://physioswiss.ch/stelleninserate/117460/physiotherapeut-in-30-80-gesucht-8008-seefeld-zh-am-zuerichsee/
502182,2025-09-06,Teamleitung Physiotherapeutin / Physiotherapeut Neurologie (a) 80%,https://physioswiss.ch/stelleninserate/117490/teamleitung-physiotherapeutin-physiotherapeut-neurologie-a-80/
502186,2025-09-06,Praxisausbildner:in Physiotherapie (80-100%) â€“ Deine neue Herausforderung in Uster,https://physioswiss.ch/stelleninserate/117524/praxisausbildnerin-physiotherapie-80-100-deine-neue-herausforderung-in-uster/
502190,2025-09-06,Dipl. Physiotherapeut/in 50 â€“ 80% in Adliswil,https://physioswiss.ch/stelleninserate/117556/dipl-physiotherapeut-in-50-80-in-adliswil/
502191,2025-09-06,(Kopie) Dipl. Physiotherapeut:innen (20 -100%),https://physioswiss.ch/stelleninserate/117559/kopie-dipl-physiotherapeutinnen-20-100/
502192,2025-09-06,Dipl. Physiotherapeut/in 40% â€“ 80% am Bodensee,https://physioswiss.ch/stelleninserate/117567/dipl-physiotherapeut-in-40-80-am-bodensee/
502173,2025-09-05,Therapiezentrum sucht VerstÃ¤rkung. Auch BerufsanfÃ¤nger gewÃ¼nscht,https://physioswiss.ch/stelleninserate/117342/therapiezentrum-sucht-verstaerkung-auch-berufsanfaenger-gewuenscht/
502174,2025-09-05,PhysiotherapeutIn (80 â€“ 100%) fÃ¼r Zentrum in Bern gesucht,https://physioswiss.ch/stelleninserate/117350/physiotherapeutin-80-100-fuer-zentrum-in-bern-gesucht/
502175,2025-09-05,PhysiotherapeutIn (40 â€“ 100%) fÃ¼r Zentrum in Olten gesucht,https://physioswiss.ch/stelleninserate/117354/physiotherapeutin-40-100-fuer-zentrum-in-olten-gesucht/
502176,2025-09-05,Dipl. Physiotherapeut/in 40% bis 100%,https://physioswiss.ch/stelleninserate/117425/dipl-physiotherapeut-in-40-bis-100/
502179,2025-09-05,"Arbeiten, wo andere Urlaub machen | Dipl. Physiotherapeut:in FH (40 â€“ 100 %)",https://physioswiss.ch/stelleninserate/117463/arbeiten-wo-andere-urlaub-machen-dipl-physiotherapeutin-fh-40-100/
502181,2025-09-05,Physiotherapeut/in (50-100%),https://physioswiss.ch/stelleninserate/117476/physiotherapeut-in-50-100/
502183,2025-09-05,Dipl. Physiotherapeut/in 50-90%,https://physioswiss.ch/stelleninserate/117498/dipl-physiotherapeut-in-50-90/
502184,2025-09-05,Physiotherapeut/-in (80% bis 100%),https://physioswiss.ch/stelleninserate/117501/physiotherapeut-in-80-bis-100/
502185,2025-09-05,Dipl. Physiotherapeut/in,https://physioswiss.ch/stelleninserate/117514/dipl-physiotherapeut-in/
502187,2025-09-05,PhysiothÃ©rapeute Ã  50-100%,https://physioswiss.ch/stelleninserate/117541/physiotherapeute-a-50-100/
502188,2025-09-05,physio@home sucht VerstÃ¤rkung,https://physioswiss.ch/stelleninserate/117544/physiohome-sucht-verstaerkung/
502189,2025-09-05,Vertretung Kinder-Physiotherapeut:In 40-100% Ostschweiz,https://physioswiss.ch/stelleninserate/117548/vertretung-kinder-physiotherapeutin-40-100-ostschweiz/
502171,2025-09-04,Dipl. Physiotherapeut/in 50-100%,https://physioswiss.ch/stelleninserate/117286/dipl-physiotherapeut-in-50-100/
502160,2025-09-03,Dipl. Physiotherapeut/In mit SRK Anerkennung,https://physioswiss.ch/stelleninserate/117179/dipl-physiotherapeut-in-mit-srk-anerkennung/
502166,2025-09-03,Physiotherapeut/in (50-100%) in Wallisellen / ZÃ¼rich Oerlikon,https://physioswiss.ch/stelleninserate/117232/physiotherapeut-in-50-100-in-wallisellen-zuerich-oerlikon/
502135,2025-09-02,Physiotherapeut:in 50-80% / PhysiothÃ©rapeute 50-80%,https://physioswiss.ch/stelleninserate/116778/physiotherapeutin-50-80-physiotherapeute-50-80/
502098,2025-08-30,Mehr Freiheit! Physiotherapeutin (w/m/d) ab 20% in RÃ¼ti ZH mit MÃ¶glichkeit zur PraxisÃ¼bernahme,https://physioswiss.ch/stelleninserate/116402/mehr-freiheit-physiotherapeutin-w-m-d-ab-20-in-rueti-zh-mit-moeglichkeit-zur-praxisuebernahme/
502133,2025-08-29,PhysiotherapeutIn (80- 100%) im ZÃ¼rcher Oberland gesucht,https://physioswiss.ch/stelleninserate/116766/physiotherapeutin-80-100-im-zuercher-oberland-gesucht/
502124,2025-08-28,Physiotherapeut*in gesucht 40-100% per sofort (od. n. Abspr.),https://physioswiss.ch/stelleninserate/116640/physiotherapeutin-gesucht-40-100-per-sofort-od-n-abspr/
502118,2025-08-27,Physio: Wenn nicht bei uns wo sonst?!,https://physioswiss.ch/stelleninserate/116538/physio-wenn-nicht-bei-uns-wo-sonst/
502111,2025-08-26,Physiotherapeut/in im Pensum 60-100%,https://physioswiss.ch/stelleninserate/116479/physiotherapeut-in-im-pensum-60-100/
241997,2025-08-22,Dipl. Physiotherapeut/In FH mit SRK- Anerkennung,https://physioswiss.ch/stelleninserate/116117/dipl-physiotherapeut-in-fh-mit-srk-anerkennung/
502089,2025-08-22,(Sport)PhysiotherapeutInÂ gesucht (60%-100%),https://physioswiss.ch/stelleninserate/116247/sportphysiotherapeutin-gesucht-60-100/
502096,2025-08-22,Dipl. Physiotherapeut:in im Wochenend-Dienst,https://physioswiss.ch/stelleninserate/116381/dipl-physiotherapeutin-im-wochenend-dienst/
502073,2025-08-20,Physiotherapeut*in fÃ¼r Therapeutisches Klettern,https://physioswiss.ch/stelleninserate/116084/physiotherapeutin-fuer-therapeutisches-klettern/
502083,2025-08-20,Physiotherapeut/in 60-100% â€“ Bewege mit uns was in Elgg bei Winterthur,https://physioswiss.ch/stelleninserate/116139/physiotherapeut-in-60-100-bewege-mit-uns-was-in-elgg-bei-winterthur/
502057,2025-08-19,Deine neue Stelle â€“ Physiotherapeut:In 20-60%,https://physioswiss.ch/stelleninserate/115826/deine-neue-stelle-physiotherapeutin-20-60/
502065,2025-08-19,Physiotherapeut:in (100%) â€“ Deine neue Herausforderung in Wetzikon,https://physioswiss.ch/stelleninserate/115903/physiotherapeutin-100-deine-neue-herausforderung-in-wetzikon/
502066,2025-08-19,Physiotherapeut:in (60-100%) â€“ Deine neue Herausforderung in ZÃ¼rich,https://physioswiss.ch/stelleninserate/115907/physiotherapeutin-60-100-deine-neue-herausforderung-in-zuerich/
502069,2025-08-19,Dipl. Physiotherapeut:in,https://physioswiss.ch/stelleninserate/115989/dipl-physiotherapeutin/
502025,2025-08-18,Physiotherapeut:in (60â€“100% â€“ m/w/d) in Muri AG â€“ Gestalte mit uns Gesundheit neu,https://physioswiss.ch/stelleninserate/115325/physiotherapeutin-60-100-m-w-d-in-muri-ag-gestalte-mit-uns-gesundheit-neu/
502051,2025-08-18,Physiotherapeut/in 50-80% selbstÃ¤ndig im Team,https://physioswiss.ch/stelleninserate/115782/physiotherapeut-in-50-80-selbstaendig-im-team/
502036,2025-08-13,Dipl. Physiotherapeut/in 20% bis 60% mit SRK in Herisau (AR) gesucht,https://physioswiss.ch/stelleninserate/115486/dipl-physiotherapeut-in-20-bis-60-mit-srk-in-herisau-ar-gesucht/
502037,2025-08-13,"Mobiler Physiotherapeut:in (50â€“100â€¯%) â€“ Spitzenlohn, Dienstwagen & volle Freiheit AG / ZH / LU / ZG",https://physioswiss.ch/stelleninserate/115497/mobiler-physiotherapeutin-50-100-spitzenlohn-dienstwagen-volle-freiheit-ag-zh-lu-zg/
502038,2025-08-13,STANDORTLEITER:IN & PHYSIOTHERAPEUT:IN (80-100%) â€“ Deine Chance in Rapperswil!,https://physioswiss.ch/stelleninserate/115511/standortleiterin-physiotherapeutin-80-100-deine-chance-in-rapperswil/
502039,2025-08-13,Physiotherapeut:in (60â€“100%) â€“ Deine neue Herausforderung in Rapperswil,https://physioswiss.ch/stelleninserate/115514/physiotherapeutin-60-100-deine-neue-herausforderung-in-rapperswil/
501996,2025-08-08,Physiotherapeut*In 40-60%,https://physioswiss.ch/stelleninserate/114950/physiotherapeutin-40-60/
501985,2025-08-07,Beckenbodentherapeut:in (60-100%) â€“ Deine Chance in Uster,https://physioswiss.ch/stelleninserate/114798/beckenbodentherapeutin-60-100-deine-chance-in-uster/
501998,2025-08-07,Dipl. Physiotherapeut/in 40% bis 60% in Sissach (BL) gesucht,https://physioswiss.ch/stelleninserate/114963/dipl-physiotherapeut-in-40-bis-60-in-sissach-bl-gesucht/
501759,2025-06-27,DIPL. PHYSIOTHERAPEUT/IN,https://physioswiss.ch/stelleninserate/111713/dipl-physiotherapeut-in/
